{"assets/6.jpg":["assets/6.jpg"],"assets/events/Live-Music-Concert.png":["assets/events/Live-Music-Concert.png"],"assets/events/Rising-Stars.png":["assets/events/Rising-Stars.png"],"assets/events/dj-night.png":["assets/events/dj-night.png"],"assets/events/kapil_show.png":["assets/events/kapil_show.png"],"assets/fonts/Poppins-Bold.ttf":["assets/fonts/Poppins-Bold.ttf"],"assets/fonts/Poppins-Light.ttf":["assets/fonts/Poppins-Light.ttf"],"assets/fonts/Poppins-Medium.ttf":["assets/fonts/Poppins-Medium.ttf"],"assets/fonts/Poppins-Regular.ttf":["assets/fonts/Poppins-Regular.ttf"],"assets/icons/armchair.svg":["assets/icons/armchair.svg"],"assets/icons/bus.svg":["assets/icons/bus.svg"],"assets/icons/cancel.svg":["assets/icons/cancel.svg"],"assets/icons/car.svg":["assets/icons/car.svg"],"assets/icons/coupon.svg":["assets/icons/coupon.svg"],"assets/icons/cutlery.svg":["assets/icons/cutlery.svg"],"assets/icons/facebook.svg":["assets/icons/facebook.svg"],"assets/icons/film.svg":["assets/icons/film.svg"],"assets/icons/flag.svg":["assets/icons/flag.svg"],"assets/icons/gift_green.svg":["assets/icons/gift_green.svg"],"assets/icons/gift_red.svg":["assets/icons/gift_red.svg"],"assets/icons/google.svg":["assets/icons/google.svg"],"assets/icons/gps.svg":["assets/icons/gps.svg"],"assets/icons/notification.svg":["assets/icons/notification.svg"],"assets/icons/parking.svg":["assets/icons/parking.svg"],"assets/icons/pyramid.svg":["assets/icons/pyramid.svg"],"assets/icons/rocking_horse.svg":["assets/icons/rocking_horse.svg"],"assets/icons/running.svg":["assets/icons/running.svg"],"assets/icons/screen_here.svg":["assets/icons/screen_here.svg"],"assets/icons/search.svg":["assets/icons/search.svg"],"assets/icons/splash_icon.svg":["assets/icons/splash_icon.svg"],"assets/icons/spotlights.svg":["assets/icons/spotlights.svg"],"assets/icons/theater_masks.svg":["assets/icons/theater_masks.svg"],"assets/icons/van.svg":["assets/icons/van.svg"],"assets/icons/vespa.svg":["assets/icons/vespa.svg"],"assets/map2.png":["assets/map2.png"],"assets/movies/RRR.png":["assets/movies/RRR.png"],"assets/movies/avatar.jpg":["assets/movies/avatar.jpg"],"assets/movies/jersey.png":["assets/movies/jersey.png"],"assets/movies/kgf.png":["assets/movies/kgf.png"],"assets/movies/kranti.jpg":["assets/movies/kranti.jpg"],"assets/movies/sher%20shivaji.png":["assets/movies/sher%20shivaji.png"],"assets/movies/thunivu.jpg":["assets/movies/thunivu.jpg"],"assets/movies/varisu_third_look.webp":["assets/movies/varisu_third_look.webp"],"assets/plays/play1.png":["assets/plays/play1.png"],"assets/plays/play2.png":["assets/plays/play2.png"],"assets/plays/play3.png":["assets/plays/play3.png"],"assets/plays/play4.png":["assets/plays/play4.png"],"assets/slider_banner.jpg":["assets/slider_banner.jpg"],"packages/fluttertoast/assets/toastify.css":["packages/fluttertoast/assets/toastify.css"],"packages/fluttertoast/assets/toastify.js":["packages/fluttertoast/assets/toastify.js"]}